method,real_path,raw_pattern,normalized_pattern,definition_file,definition_line,usage_count,usage_files,triage
GET,,${url},${url},src/components/AutomatedTesting/TestScenarioExecute/List/Videos.vue,152,3,src/components/AutomatedTesting/TestScenarioExecute/List/Videos.vue src/service/index.ts,
GET,/auth/preference/clientCache/:param/:param,/auth/preference/clientCache/${encodeKey}/${project},auth/preference/clientCache/${encodeKey}/${project},src/service/Api/PrimaryService/PrimaryCached.ts,128,1,src/service/Api/PrimaryService/PrimaryCached.ts,
GET,/plugin/api/cookie,/plugin/api/cookie,plugin/api/cookie,src/service/Api/Local/index.ts,10,1,src/service/Api/Local/index.ts,
GET,/plugin/api/database/connectTest,/plugin/api/database/connectTest,plugin/api/database/connectTest,src/service/Api/Local/index.ts,80,2,src/service/Api/Local/index.ts src/service/Api/Setting/PublicDatabaseService.ts,
GET,/plugin/api/file/attachment/:param,${TEST_URL_PTRFIX}/api/file/attachment/${id},${TEST_URL_PTRFIX}/api/file/attachment/:id,src/service/Api/TestScenarioExecute/index.ts,138,1,src/service/Api/TestScenarioExecute/index.ts,
GET,/plugin/api/job/refresh,/plugin/api/job/refresh,plugin/api/job/refresh,src/service/Api/TimedTask/index.ts,77,1,src/service/Api/TimedTask/index.ts,
GET,/plugin/api/log/download/id/:param,/plugin/api/log/download/id/${id},plugin/api/log/download/id/:id,src/service/Api/Local/index.ts,189,1,src/service/Api/Local/index.ts,
GET,/plugin/api/log/id/:param,${TEST_URL_API}/log/id/${state.id},${TEST_URL_API}/log/id/:state.id,src/service/Api/TestScenarioReport/index.ts,87,2,src/service/Api/TestScenarioReport/index.ts src/service/Api/TestScenarioExecute/index.ts,
GET,/plugin/api/log/list,/plugin/api/log/list,plugin/api/log/list,src/service/Api/TestScenarioExecute/index.ts,106,1,src/service/Api/TestScenarioExecute/index.ts,
GET,/plugin/api/param,/plugin/api/param,plugin/api/param,src/service/Api/Local/index.ts,90,5,src/service/Api/Local/index.ts src/service/Api/Setting/EnvVariablesService.ts src/service/Api/Setting/PublicVariablesService.ts,
GET,/plugin/api/refresh/all,/plugin/api/refresh/all,plugin/api/refresh/all,src/service/Api/Local/index.ts,135,1,src/service/Api/Local/index.ts,
GET,/plugin/api/refresh/api,/plugin/api/refresh/api,plugin/api/refresh/api,src/service/Api/Local/index.ts,127,1,src/service/Api/Local/index.ts,
GET,/plugin/api/report,/plugin/api/report,plugin/api/report,src/service/Api/TestScenarioExecute/index.ts,89,2,src/service/Api/TestScenarioExecute/index.ts,
GET,/plugin/api/report/attachment,${TEST_URL_PTRFIX}/api/report/attachment?id=${id},${TEST_URL_PTRFIX}/api/report/attachment?id=:id,src/service/Api/TestScenarioExecute/index.ts,129,1,src/service/Api/TestScenarioExecute/index.ts,
GET,/plugin/api/setting,/plugin/api/setting,plugin/api/setting,src/service/Api/Local/index.ts,26,3,src/service/Api/Local/index.ts src/service/Api/Setting/PublicApiSettingService.ts,
GET,/plugin/user,${TEST_URL_PTRFIX}/user,${TEST_URL_PTRFIX}/user,src/service/Api/User/index.ts,20,1,src/service/Api/User/index.ts,
GET,/plugin/web/core/getAppId,${TEST_URL_PTRFIX}/web/core/getAppId,${TEST_URL_PTRFIX}/web/core/getAppId,src/service/Api/Global/index.ts,55,1,src/service/Api/Global/index.ts,
GET,/plugin/web/plugin/getInfo,${TEST_URL_PTRFIX}/web/plugin/getInfo,${TEST_URL_PTRFIX}/web/plugin/getInfo,src/service/Api/plugin/index.ts,20,1,src/service/Api/plugin/index.ts,
GET,/plugin/web/plugin/getThreadInfos,${TEST_URL_PTRFIX}/web/plugin/getThreadInfos,${TEST_URL_PTRFIX}/web/plugin/getThreadInfos,src/service/Api/plugin/index.ts,24,3,src/service/Api/plugin/index.ts src/service/Api/Local/index.ts src/view/PageFooter/Main.vue,
GET,/plugin/web/plugin/update,${TEST_URL_PTRFIX}/web/plugin/update,${TEST_URL_PTRFIX}/web/plugin/update,src/service/Api/plugin/index.ts,28,3,src/service/Api/plugin/index.ts src/service/Api/Local/index.ts src/view/PageFooter/Main.vue,
GET,/rest/account/account,/rest/account/account,rest/account/account,src/service/Api/User/index.ts,39,3,src/service/Api/User/index.ts,
GET,/rest/account/customMenu/type/:param/get,/rest/account/customMenu/type/${type}/get,rest/account/customMenu/type/${type}/get,src/service/Api/User/CustomMenuService.ts,23,1,src/service/Api/User/CustomMenuService.ts,
GET,/rest/auth/appSecret/p/:param/getList,/rest/auth/appSecret/p/${pid}/getList,rest/auth/appSecret/p/:pid/getList,src/service/Api/Project/AppSecretService.ts,36,1,src/service/Api/Project/AppSecretService.ts,
GET,/rest/global/dictionary/f/:param,/rest/global/dictionary/f/${encodeURIComponent(key)},rest/global/dictionary/f/${encodeURIComponent(key)},src/service/Api/Dictionary/DictionaryCached.ts,37,1,src/service/Api/Dictionary/DictionaryCached.ts,
GET,/rest/global/file/show/:param/false,${GLOBAL_URL}/file/show/${id}/false,${GLOBAL_URL}/file/show/:id/false,src/service/Api/Global/index.ts,11,1,src/service/Api/Global/index.ts,
GET,/rest/global/preference/clientCache/:param/:param,/rest/global/preference/clientCache/${encodeKey}/${project},rest/global/preference/clientCache/${encodeKey}/${project},src/service/Api/PrimaryService/PrimaryCached.ts,85,1,src/service/Api/PrimaryService/PrimaryCached.ts,
GET,/rest/global/preference/clientCache/coopwire-root-url,${PREFERENCE_URL}/clientCache/coopwire-root-url,${PREFERENCE_URL}/clientCache/coopwire-root-url,src/components/Api/ApiGroup/Component/ApiTable/Main.vue,53,3,src/components/Api/ApiGroup/Component/ApiTable/Main.vue src/components/Api/ApiGroup/Component/SystemReport/share/main.vue src/components/Api/Interface/Components/Index/Main.vue,
GET,/rest/open/testwire/recorder/link,${OPEN_TESTWIRE_URL}/recorder/link,${OPEN_TESTWIRE_URL}/recorder/link,src/service/Api/Global/index.ts,68,1,src/service/Api/Global/index.ts,
GET,/rest/platform/audit/company/transRelation/:param,/rest/platform/audit/company/transRelation/${id},rest/platform/audit/company/transRelation/:id,src/components/AuditHistory/api.ts,30,1,src/components/AuditHistory/api.ts,
GET,/rest/platform/audit/p/:param/transRelation/:param,/rest/platform/audit/p/${pid}/transRelation/${id},rest/platform/audit/p/:pid/transRelation/:id,src/components/AuditHistory/api.ts,26,1,src/components/AuditHistory/api.ts,
GET,/rest/platform/audit/transRelation/:param,/rest/platform/audit/transRelation/${id},rest/platform/audit/transRelation/:id,src/components/AuditHistory/api.ts,22,1,src/components/AuditHistory/api.ts,
GET,/rest/project/a/:param/application/canTestwireRun,${PROJECT_APP_URL(appId)}/application/canTestwireRun,${PROJECT_APP_URL(appId)}/application/canTestwireRun,src/service/Api/Global/index.ts,72,1,src/service/Api/Global/index.ts,
GET,/rest/project/a/:param/application/get,${APPLICATION_URL(options.appId)}/get,${APPLICATION_URL(options.appId)}/get,src/service/Api/Application/index.ts,25,1,src/service/Api/Application/index.ts,
GET,/rest/project/a/:param/releasePlan/selection,${PROJECT_APP_URL(props.appId)}/releasePlan/selection,${PROJECT_APP_URL(props.appId)}/releasePlan/selection,src/components/Api/Edition/Edit/EditSelect.ts,128,1,src/components/Api/Edition/Edit/EditSelect.ts,
GET,/rest/project/p/:param/project/getProject,/rest/project/p/${results.pid}/project/getProject,rest/project/p/:results.pid/project/getProject,src/service/Api/Application/index.ts,27,1,src/service/Api/Application/index.ts,
GET,/rest/quality/a/:param/api/edition,${scoped(options.appId)}/api/edition,${scoped(options.appId)}/api/edition,src/service/Api/Edition/index.ts,49,2,src/service/Api/Edition/index.ts,
GET,/rest/quality/a/:param/api/env/setting/allVariables,${ENV_URL(aid)}/allVariables,${ENV_URL(aid)}/allVariables,src/service/Api/Env/index.ts,61,1,src/service/Api/Env/index.ts,
GET,/rest/quality/a/:param/api/env/setting/get,${ENV_URL(aid)}/get,${ENV_URL(aid)}/get,src/service/Api/Env/index.ts,51,1,src/service/Api/Env/index.ts,
GET,/rest/quality/a/:param/api/report/getTempUrl,${QUALITY_URL(appId)}/api/report/getTempUrl,${QUALITY_URL(appId)}/api/report/getTempUrl,src/service/Api/TestScenarioExecute/index.ts,120,1,src/service/Api/TestScenarioExecute/index.ts,
GET,/rest/quality/a/:param/api/report/http/get,${scope(options.appId)}/http/get,${scope(options.appId)}/http/get,src/service/Api/TestScenarioReport/index.ts,91,1,src/service/Api/TestScenarioReport/index.ts,
GET,/rest/quality/a/:param/api/scenario/:param,"${scope(options.appId)}/${expect === ""scenario"" ? ""changeToScenario"" : ""changeToStepSet""}","${scope(options.appId)}/${expect === ""scenario"" ? ""changeToScenario"" : ""changeToStepSet""}",src/service/Api/TestScenarioGroup/index.ts,125,1,src/service/Api/TestScenarioGroup/index.ts,
GET,/rest/quality/a/:param/api/scenario/:param/nameless/steps,${scope(options.appId)}/api/scenario/${options.ref}/nameless/steps,${scope(options.appId)}/api/scenario/${options.ref}/nameless/steps,src/service/Api/TestScenario/step.ts,61,1,src/service/Api/TestScenario/step.ts,
GET,/rest/quality/a/:param/api/scenario/:param/runtimeSetting,${scope(option.appId)}/${option.scenarioId}/runtimeSetting,${scope(option.appId)}/:option.scenarioId/runtimeSetting,src/service/Api/TestScenario/runtimeSetting.ts,29,1,src/service/Api/TestScenario/runtimeSetting.ts,
GET,/rest/quality/a/:param/api/scenario/:param/snapshot,${scope(option.appId)}/${option.scenarioId}/snapshot,${scope(option.appId)}/:option.scenarioId/snapshot,src/service/Api/TestScenario/snapshot.ts,26,1,src/service/Api/TestScenario/snapshot.ts,
GET,/rest/quality/a/:param/api/scenario/:param/step/:param,${scope(options.appId)}/api/scenario/${options.scenarioId}/step/${options.stepId},${scope(options.appId)}/api/scenario/:options.scenarioId/step/:options.stepId,src/service/Api/TestScenario/detail.ts,75,2,src/service/Api/TestScenario/detail.ts src/service/Api/TestScenario/step.ts,
GET,/rest/quality/a/:param/api/scenario/changeToScenarioCheck,${scope(options.appId)}/changeToScenarioCheck,${scope(options.appId)}/changeToScenarioCheck,src/service/Api/TestScenarioGroup/index.ts,135,1,src/service/Api/TestScenarioGroup/index.ts,
GET,/rest/quality/a/:param/api/scenario/get,${scope(options.appId)}/api/scenario/get,${scope(options.appId)}/api/scenario/get,src/service/Api/TestScenario/detail.ts,38,2,src/service/Api/TestScenario/detail.ts src/service/Api/TestScenario/index.ts,
GET,/rest/quality/a/:param/api/scenario/group/:param,${scope(options.appId)}/api/scenario/group/${state.id},${scope(options.appId)}/api/scenario/group/:state.id,src/service/Api/TimedTask/index.ts,36,1,src/service/Api/TimedTask/index.ts,
GET,/rest/quality/a/:param/api/scenario/group/schedule/:param/count,${scope(appId)}/api/scenario/group/schedule/${id}/count,${scope(appId)}/api/scenario/group/schedule/:id/count,src/service/Api/TimedTask/index.ts,57,1,src/service/Api/TimedTask/index.ts,
GET,/rest/quality/a/:param/api/scenario/group/selector/:param,${scenarioScoped(appId)}/group/selector/${id},${scenarioScoped(appId)}/group/selector/:id,src/service/Api/PlayWright/api.ts,64,1,src/service/Api/PlayWright/api.ts,
GET,/rest/quality/a/:param/api/scenario/snapshot/:param,${scope(appId)}/snapshot/${snapshotId},${scope(appId)}/snapshot/:snapshotId,src/service/Api/TestScenario/snapshotDetail.ts,30,1,src/service/Api/TestScenario/snapshotDetail.ts,
GET,/rest/quality/a/:param/api/service/list,${QUALITY_URL(aid)}/api/service/list,${QUALITY_URL(aid)}/api/service/list,src/service/Api/Env/index.ts,41,2,src/service/Api/Env/index.ts src/service/Api/Setting/index.ts,
GET,/rest/quality/a/:param/api/test/data/get,${scope(options.appId)}/get,${scope(options.appId)}/get,src/service/Api/TestScenarioData/index.ts,45,2,src/service/Api/TestScenarioData/index.ts src/service/Api/TestScenarioReport/index.ts,
GET,/rest/quality/a/:param/api/test/data/list,${scope(options.appId)}/list,${scope(options.appId)}/list,src/service/Api/TestScenarioData/index.ts,38,1,src/service/Api/TestScenarioData/index.ts,
GET,/rest/quality/a/:param/api/test/setting/addressSetting,${URL(aid)}/addressSetting,${URL(aid)}/addressSetting,src/service/Api/Setting/index.ts,114,1,src/service/Api/Setting/index.ts,
GET,/rest/quality/a/:param/api/test/setting/autoStepRule/builtIn,${URL(appId)}/autoStepRule/builtIn,${URL(appId)}/autoStepRule/builtIn,src/service/Api/StepProcessingRuleService/index.ts,39,1,src/service/Api/StepProcessingRuleService/index.ts,
GET,/rest/quality/a/:param/apiGroup/getCustomPage/:param,${URL(aid)}/getCustomPage/${id},${URL(aid)}/getCustomPage/:id,src/service/Api/ApiGroup/index.ts,80,1,src/service/Api/ApiGroup/index.ts,
GET,/rest/quality/a/:param/apiGroup/getFetchCode/:param,${URL(aid)}/getFetchCode/${id},${URL(aid)}/getFetchCode/:id,src/service/Api/ApiGroup/index.ts,187,1,src/service/Api/ApiGroup/index.ts,
GET,/rest/quality/a/:param/testEnvironment/delete,${TEST_ENVIRONMENT_URL(aid)}/delete,${TEST_ENVIRONMENT_URL(aid)}/delete,src/service/Api/Env/index.ts,23,1,src/service/Api/Env/index.ts,
GET,/rest/quality/a/:param/testEnvironment/getList,${TEST_ENVIRONMENT_URL(aid)}/getList,${TEST_ENVIRONMENT_URL(aid)}/getList,src/service/Api/Env/index.ts,13,1,src/service/Api/Env/index.ts,
GET,/rest/quality/a/:param/uiStep/:param,${uiStepScoped(appId)}/${id},${uiStepScoped(appId)}/:id,src/service/Api/PlayWright/api.ts,40,1,src/service/Api/PlayWright/api.ts,
GET,/rest/quality/getMyLibraries,${COOP_URL}/quality/getMyLibraries,${COOP_URL}/quality/getMyLibraries,src/service/Api/ImportScenario/base.ts,15,1,src/service/Api/ImportScenario/base.ts,
GET,/rest/quality/playwright/api/last,${QUALITY_PLAYWRIGHT_API}/last,${QUALITY_PLAYWRIGHT_API}/last,src/service/Api/Global/index.ts,64,1,src/service/Api/Global/index.ts,
POST,,${url},${url},src/service/index.ts,28,1,src/service/index.ts,
POST,/plugin/api/case/excute,/plugin/api/case/excute,plugin/api/case/excute,src/service/Api/Local/index.ts,109,1,src/service/Api/Local/index.ts,
POST,/plugin/api/cookie,/plugin/api/cookie,plugin/api/cookie,src/service/Api/Local/index.ts,18,1,src/service/Api/Local/index.ts,
POST,/plugin/api/database/delete,/plugin/api/database/delete,plugin/api/database/delete,src/service/Api/Local/index.ts,70,2,src/service/Api/Local/index.ts src/service/Api/Setting/PublicDatabaseService.ts,
POST,/plugin/api/database/queryDetailList,/plugin/api/database/queryDetailList,plugin/api/database/queryDetailList,src/service/Api/Local/index.ts,62,2,src/service/Api/Local/index.ts src/service/Api/Setting/PublicDatabaseService.ts,
POST,/plugin/api/database/queryList,/plugin/api/database/queryList,plugin/api/database/queryList,src/service/Api/Local/index.ts,54,1,src/service/Api/Local/index.ts,
POST,/plugin/api/database/save,/plugin/api/database/save,plugin/api/database/save,src/service/Api/Local/index.ts,45,2,src/service/Api/Local/index.ts src/service/Api/Setting/PublicDatabaseService.ts,
POST,/plugin/api/import/parse,/plugin/api/import/parse,plugin/api/import/parse,src/service/Api/Local/index.ts,181,1,src/service/Api/Local/index.ts,
POST,/plugin/api/job/execute,/plugin/api/job/execute,plugin/api/job/execute,src/service/Api/TimedTask/index.ts,82,1,src/service/Api/TimedTask/index.ts,
POST,/plugin/api/param,/plugin/api/param,plugin/api/param,src/service/Api/Local/index.ts,100,1,src/service/Api/Local/index.ts,
POST,/plugin/api/param/preview,/plugin/api/param/preview,plugin/api/param/preview,src/service/Api/Local/index.ts,118,1,src/service/Api/Local/index.ts,
POST,/plugin/api/report/search,plugin/api/report/search,plugin/api/report/search,src/service/Api/TimedTask/TimedTaskReportService.ts,63,3,src/service/Api/TimedTask/TimedTaskBatchReportService.ts src/service/Api/TimedTask/TimedTaskReportService.ts,
POST,/plugin/api/scenario/batchTerminate,plugin/api/scenario/batchTerminate,plugin/api/scenario/batchTerminate,src/service/Api/TimedTask/index.ts,87,4,src/service/Api/TimedTask/index.ts src/utils/Vue/useTableDraggable.ts src/utils/Vue/useViewTransition.ts,
POST,/plugin/api/scenario/excute,/plugin/api/scenario/excute,plugin/api/scenario/excute,src/service/Api/Local/index.ts,162,3,src/service/Api/Local/index.ts src/service/Api/TestScenario/detail.ts src/service/Api/TestScenario/index.ts,
POST,/plugin/api/scenario/terminate,/plugin/api/scenario/terminate,plugin/api/scenario/terminate,src/service/Api/TestScenario/index.ts,156,1,src/service/Api/TestScenario/index.ts,
POST,/plugin/user/login,${TEST_URL_PTRFIX}/user/login,${TEST_URL_PTRFIX}/user/login,src/service/Api/Global/index.ts,50,2,src/service/Api/Global/index.ts src/service/Api/Login/index.ts,
POST,/plugin/user/logout,${TEST_URL_PTRFIX}/user/logout,${TEST_URL_PTRFIX}/user/logout,src/service/Api/Login/index.ts,19,1,src/service/Api/Login/index.ts,
POST,/plugin/variable/reference/scenario,/plugin/variable/reference/scenario,plugin/variable/reference/scenario,src/service/Api/Local/index.ts,170,2,src/service/Api/Local/index.ts src/service/Api/TestScenarioReport/index.ts,
POST,/rest/account/customMenu/type/:param/save,/rest/account/customMenu/type/${type}/save,rest/account/customMenu/type/${type}/save,src/service/Api/User/CustomMenuService.ts,44,1,src/service/Api/User/CustomMenuService.ts,
POST,/rest/account/recentlyOpen/addRecentlyOpen,${ACCOUNT_URL}/recentlyOpen/addRecentlyOpen,${ACCOUNT_URL}/recentlyOpen/addRecentlyOpen,src/service/Api/Global/index.ts,29,1,src/service/Api/Global/index.ts,
POST,/rest/auth/appSecret/p/:param/getList,/rest/auth/appSecret/p/${pid}/getList,rest/auth/appSecret/p/:pid/getList,src/service/Api/Project/AppSecretService.ts,36,1,src/service/Api/Project/AppSecretService.ts,
POST,/rest/global/preference/clientCache/:param/:param,/rest/global/preference/clientCache/${encodeKey}/${project},rest/global/preference/clientCache/${encodeKey}/${project},src/service/Api/PrimaryService/PrimaryCached.ts,92,1,src/service/Api/PrimaryService/PrimaryCached.ts,
POST,/rest/global/translation/get,${GLOBAL_URL}/translation/get,${GLOBAL_URL}/translation/get,src/service/Api/Global/index.ts,60,1,src/service/Api/Global/index.ts,
POST,/rest/investigate/:param/interfaceDesign/list,${PREFIX(pid)}/list,${PREFIX(pid)}/list,src/service/Api/InterfaceDesign/InterfaceDesign.ts,28,1,src/service/Api/InterfaceDesign/InterfaceDesign.ts,
POST,/rest/platform/audit/company/pageQuery,/rest/platform/audit/company/pageQuery,rest/platform/audit/company/pageQuery,src/components/AuditHistory/api.ts,11,1,src/components/AuditHistory/api.ts,
POST,/rest/platform/audit/p/:param/pageQuery,/rest/platform/audit/p/${pid}/pageQuery,rest/platform/audit/p/:pid/pageQuery,src/components/AuditHistory/api.ts,16,1,src/components/AuditHistory/api.ts,
POST,/rest/platform/audit/pageQuery,/rest/platform/audit/pageQuery,rest/platform/audit/pageQuery,src/components/AuditHistory/api.ts,6,1,src/components/AuditHistory/api.ts,
POST,/rest/project/a/:param/application/get,${APPLICATION_URL(options.appId)}/get,${APPLICATION_URL(options.appId)}/get,src/service/Api/Application/index.ts,25,1,src/service/Api/Application/index.ts,
POST,/rest/project/application/p/:param/selection,/rest/project/application/p/${pid}/selection,rest/project/application/p/:pid/selection,src/service/Api/ApiGroup/index.ts,27,3,src/service/Api/ApiGroup/index.ts src/service/Api/Global/SystemService.ts src/service/Api/ImportScenario/AppService.ts,
POST,/rest/project/label/list/project/:param,/rest/project/label/list/project/${pid},rest/project/label/list/project/:pid,src/service/Api/Global/LabelService.ts,63,1,src/service/Api/Global/LabelService.ts,
POST,/rest/project/p/:param/customGroup/list,/rest/project/p/${pid}/customGroup/list,rest/project/p/:pid/customGroup/list,src/service/Api/Project/CustomGroupService.ts,24,1,src/service/Api/Project/CustomGroupService.ts,
POST,/rest/project/p/:param/issue/pageQuery,${PROJECT_URL(pid)}/issue/pageQuery,${PROJECT_URL(pid)}/issue/pageQuery,src/service/Api/ApiDefinition/index.ts,112,2,src/service/Api/ApiDefinition/index.ts src/components/Api/Edition/Edit/EditSelect.ts,
POST,/rest/project/p/:param/sprint/kanBanList,${PROJECT_URL(props.projectId)}/sprint/kanBanList,${PROJECT_URL(props.projectId)}/sprint/kanBanList,src/components/Api/Edition/Edit/EditSelect.ts,176,1,src/components/Api/Edition/Edit/EditSelect.ts,
POST,/rest/project/p/:param/user/pageQuery,${PROJECT_URL(pid)}/user/pageQuery,${PROJECT_URL(pid)}/user/pageQuery,src/service/Api/Setting/index.ts,144,2,src/service/Api/Setting/index.ts src/service/Api/Global/AccountService.ts,
POST,/rest/quality/a/:param/api/case/copy,${CASE_URL(aid)}/copy,${CASE_URL(aid)}/copy,src/service/Api/ApiCase/index.ts,86,1,src/service/Api/ApiCase/index.ts,
POST,/rest/quality/a/:param/api/case/create,${CASE_URL(aid)}/create,${CASE_URL(aid)}/create,src/service/Api/ApiCase/index.ts,21,1,src/service/Api/ApiCase/index.ts,
POST,/rest/quality/a/:param/api/case/get,${CASE_URL(aid)}/get,${CASE_URL(aid)}/get,src/service/Api/ApiCase/index.ts,30,1,src/service/Api/ApiCase/index.ts,
POST,/rest/quality/a/:param/api/case/reset,${CASE_URL(aid)}/reset,${CASE_URL(aid)}/reset,src/service/Api/ApiCase/index.ts,77,1,src/service/Api/ApiCase/index.ts,
POST,/rest/quality/a/:param/api/case/scenarios ,${CASE_URL(aid)}/scenarios ,${CASE_URL(aid)}/scenarios ,src/service/Api/ApiCase/index.ts,40,1,src/service/Api/ApiCase/index.ts,
POST,/rest/quality/a/:param/api/case/stage,${CASE_URL(aid)}/stage,${CASE_URL(aid)}/stage,src/service/Api/ApiCase/index.ts,68,1,src/service/Api/ApiCase/index.ts,
POST,/rest/quality/a/:param/api/edition/activate,${scoped(options.appId)}/api/edition/activate,${scoped(options.appId)}/api/edition/activate,src/service/Api/Edition/index.ts,53,1,src/service/Api/Edition/index.ts,
POST,/rest/quality/a/:param/api/edition/list,${scoped(options.appId)}/api/edition/list,${scoped(options.appId)}/api/edition/list,src/service/Api/Edition/index.ts,41,1,src/service/Api/Edition/index.ts,
POST,/rest/quality/a/:param/api/env/setting/save,${ENV_URL(aid)}/save,${ENV_URL(aid)}/save,src/service/Api/Env/index.ts,32,1,src/service/Api/Env/index.ts,
POST,/rest/quality/a/:param/api/report/getTempUrl,${QUALITY_URL(appId)}/api/report/getTempUrl,${QUALITY_URL(appId)}/api/report/getTempUrl,src/service/Api/TestScenarioExecute/index.ts,120,1,src/service/Api/TestScenarioExecute/index.ts,
POST,/rest/quality/a/:param/api/report/http/search,${scope(options.appId)}/http/search,${scope(options.appId)}/http/search,src/service/Api/TestScenarioReport/index.ts,79,1,src/service/Api/TestScenarioReport/index.ts,
POST,/rest/quality/a/:param/api/report/search,${scope(options.appId)}/search,${scope(options.appId)}/search,src/service/Api/TestScenarioReport/index.ts,62,2,src/service/Api/TestScenarioReport/index.ts src/service/Api/TimedTask/TimedTaskReportService.ts,
POST,/rest/quality/a/:param/api/report/task/search,${scope(options.appId)}/task/search,${scope(options.appId)}/task/search,src/service/Api/TimedTask/TimedTaskBatchReportService.ts,59,1,src/service/Api/TimedTask/TimedTaskBatchReportService.ts,
POST,/rest/quality/a/:param/api/scenario/:param,"${scope(options.appId)}/${expect === ""scenario"" ? ""changeToScenario"" : ""changeToStepSet""}","${scope(options.appId)}/${expect === ""scenario"" ? ""changeToScenario"" : ""changeToStepSet""}",src/service/Api/TestScenarioGroup/index.ts,125,1,src/service/Api/TestScenarioGroup/index.ts,
POST,/rest/quality/a/:param/api/scenario/:param/ref/ui,${scenarioScoped(appId)}/${scenarioId}/ref/ui,${scenarioScoped(appId)}/:scenarioId/ref/ui,src/service/Api/PlayWright/api.ts,13,1,src/service/Api/PlayWright/api.ts,
POST,/rest/quality/a/:param/api/scenario/:param/snapshot,${scope(option.appId)}/${option.scenarioId}/snapshot,${scope(option.appId)}/:option.scenarioId/snapshot,src/service/Api/TestScenario/snapshot.ts,30,1,src/service/Api/TestScenario/snapshot.ts,
POST,/rest/quality/a/:param/api/scenario/changeToScenarioCheck,${scope(options.appId)}/changeToScenarioCheck,${scope(options.appId)}/changeToScenarioCheck,src/service/Api/TestScenarioGroup/index.ts,135,1,src/service/Api/TestScenarioGroup/index.ts,
POST,/rest/quality/a/:param/api/scenario/copy,${scope(options.appId)}/api/scenario/copy,${scope(options.appId)}/api/scenario/copy,src/service/Api/TestScenario/index.ts,160,1,src/service/Api/TestScenario/index.ts,
POST,/rest/quality/a/:param/api/scenario/create,${scope(options.appId)}/api/scenario/create,${scope(options.appId)}/api/scenario/create,src/service/Api/TestScenario/index.ts,144,1,src/service/Api/TestScenario/index.ts,
POST,/rest/quality/a/:param/api/scenario/description,${scope(options.appId)}/api/scenario/description,${scope(options.appId)}/api/scenario/description,src/service/Api/TestScenario/detail.ts,53,1,src/service/Api/TestScenario/detail.ts,
POST,/rest/quality/a/:param/api/scenario/get,${scope(options.appId)}/api/scenario/get,${scope(options.appId)}/api/scenario/get,src/service/Api/TestScenario/detail.ts,38,2,src/service/Api/TestScenario/detail.ts src/service/Api/TestScenario/index.ts,
POST,/rest/quality/a/:param/api/scenario/group,${scope(options.appId)}/group,${scope(options.appId)}/group,src/service/Api/TestScenarioGroup/index.ts,112,1,src/service/Api/TestScenarioGroup/index.ts,
POST,/rest/quality/a/:param/api/scenario/group/copy,${scope(options.appId)}/group/copy,${scope(options.appId)}/group/copy,src/service/Api/TestScenarioGroup/index.ts,152,1,src/service/Api/TestScenarioGroup/index.ts,
POST,/rest/quality/a/:param/api/scenario/group/copyBetweenApp,${QUALITY_URL(appId)}/api/scenario/group/copyBetweenApp,${QUALITY_URL(appId)}/api/scenario/group/copyBetweenApp,src/service/Api/ImportScenario/base.ts,10,1,src/service/Api/ImportScenario/base.ts,
POST,/rest/quality/a/:param/api/scenario/group/copyBetweenAppCheck,${QUALITY_URL(appId)}/api/scenario/group/copyBetweenAppCheck,${QUALITY_URL(appId)}/api/scenario/group/copyBetweenAppCheck,src/service/Api/ImportScenario/base.ts,5,1,src/service/Api/ImportScenario/base.ts,
POST,/rest/quality/a/:param/api/scenario/group/description,${scenarioScoped(appId)}/group/description,${scenarioScoped(appId)}/group/description,src/service/Api/PlayWright/api.ts,55,1,src/service/Api/PlayWright/api.ts,
POST,/rest/quality/a/:param/api/scenario/group/locator/references,${QUALITY_URL(options.appId)}/api/scenario/group/locator/references,${QUALITY_URL(options.appId)}/api/scenario/group/locator/references,src/service/Api/TestScenario/refRelation.ts,43,1,src/service/Api/TestScenario/refRelation.ts,
POST,/rest/quality/a/:param/api/scenario/group/scenarioTree,${scope(options.appId)}/group/scenarioTree,${scope(options.appId)}/group/scenarioTree,src/service/Api/TestScenarioGroup/index.ts,91,1,src/service/Api/TestScenarioGroup/index.ts,
POST,/rest/quality/a/:param/api/scenario/group/schedule,${scope(options.appId)}/api/scenario/group/schedule,${scope(options.appId)}/api/scenario/group/schedule,src/service/Api/TimedTask/index.ts,44,1,src/service/Api/TimedTask/index.ts,
POST,/rest/quality/a/:param/api/scenario/group/selector,${scenarioScoped(appId)}/group/selector,${scenarioScoped(appId)}/group/selector,src/service/Api/PlayWright/api.ts,49,1,src/service/Api/PlayWright/api.ts,
POST,/rest/quality/a/:param/api/scenario/group/syncLocator,${scope(options.appId)}/group/syncLocator,${scope(options.appId)}/group/syncLocator,src/service/Api/TestScenarioGroup/index.ts,148,1,src/service/Api/TestScenarioGroup/index.ts,
POST,/rest/quality/a/:param/api/scenario/group/visible/scenarioTree,${scope(options.appId)}/group/visible/scenarioTree,${scope(options.appId)}/group/visible/scenarioTree,src/service/Api/TestScenarioGroup/BuiltInTress.ts,67,1,src/service/Api/TestScenarioGroup/BuiltInTress.ts,
POST,/rest/quality/a/:param/api/scenario/importSteps,${scope(options.appId)}/api/scenario/importSteps,${scope(options.appId)}/api/scenario/importSteps,src/service/Api/TestScenario/index.ts,176,1,src/service/Api/TestScenario/index.ts,
POST,/rest/quality/a/:param/api/scenario/processByRule,${scope(options.appId)}/api/scenario/processByRule,${scope(options.appId)}/api/scenario/processByRule,src/service/Api/TestScenario/detail.ts,69,1,src/service/Api/TestScenario/detail.ts,
POST,/rest/quality/a/:param/api/scenario/references,${QUALITY_URL(options.appId)}/api/scenario/references,${QUALITY_URL(options.appId)}/api/scenario/references,src/service/Api/TestScenario/refRelation.ts,33,1,src/service/Api/TestScenario/refRelation.ts,
POST,/rest/quality/a/:param/api/scenario/replace,${scope(options.appId)}/api/scenario/replace,${scope(options.appId)}/api/scenario/replace,src/service/Api/TestScenario/index.ts,203,1,src/service/Api/TestScenario/index.ts,
POST,/rest/quality/a/:param/api/scenario/replace/check,${scope(options.appId)}/api/scenario/replace/check,${scope(options.appId)}/api/scenario/replace/check,src/service/Api/TestScenario/index.ts,198,1,src/service/Api/TestScenario/index.ts,
POST,/rest/quality/a/:param/api/scenario/search,${scope(options.appId)}/api/scenario/search,${scope(options.appId)}/api/scenario/search,src/service/Api/TestScenario/index.ts,122,2,src/service/Api/TestScenario/index.ts src/service/Api/TimedTask/index.ts,
POST,/rest/quality/a/:param/api/scenario/stepSet,${scope(options.appId)}/api/scenario/stepSet,${scope(options.appId)}/api/scenario/stepSet,src/service/Api/TestScenario/index.ts,193,1,src/service/Api/TestScenario/index.ts,
POST,/rest/quality/a/:param/api/scenario/syncTo,${scope(options.appId)}/syncTo,${scope(options.appId)}/syncTo,src/service/Api/TestScenarioGroup/index.ts,144,1,src/service/Api/TestScenarioGroup/index.ts,
POST,/rest/quality/a/:param/api/service,${QUALITY_URL(option.aid)}/api/service,${QUALITY_URL(option.aid)}/api/service,src/service/Api/Setting/index.ts,164,1,src/service/Api/Setting/index.ts,
POST,/rest/quality/a/:param/api/test/data/add,${scope(options.appId)}/add,${scope(options.appId)}/add,src/service/Api/TestScenarioData/index.ts,52,1,src/service/Api/TestScenarioData/index.ts,
POST,/rest/quality/a/:param/api/test/data/copy,${scope(options.appId)}/copy,${scope(options.appId)}/copy,src/service/Api/TestScenarioData/index.ts,60,1,src/service/Api/TestScenarioData/index.ts,
POST,/rest/quality/a/:param/api/test/execute/case/history,${QUALITY_URL(aid)}/api/test/execute/case/history,${QUALITY_URL(aid)}/api/test/execute/case/history,src/service/Api/ApiCase/index.ts,104,1,src/service/Api/ApiCase/index.ts,
POST,/rest/quality/a/:param/api/test/execute/getMockModel,${EXECUTE_URL(aid)}/getMockModel,${EXECUTE_URL(aid)}/getMockModel,src/service/Api/Execute/index.ts,11,1,src/service/Api/Execute/index.ts,
POST,/rest/quality/a/:param/api/test/setting/autoStepRule,${URL(option.aid)}/autoStepRule,${URL(option.aid)}/autoStepRule,src/service/Api/StepProcessingRuleService/index.ts,58,1,src/service/Api/StepProcessingRuleService/index.ts,
POST,/rest/quality/a/:param/api/test/setting/commonResponse,${URL(option.aid)}/commonResponse,${URL(option.aid)}/commonResponse,src/service/Api/Setting/index.ts,95,1,src/service/Api/Setting/index.ts,
POST,/rest/quality/a/:param/api/test/setting/commonScripts,${URL(option.aid)}/commonScripts,${URL(option.aid)}/commonScripts,src/service/Api/Setting/index.ts,86,1,src/service/Api/Setting/index.ts,
POST,/rest/quality/a/:param/api/test/setting/dbConnection,${URL(option.aid)}/dbConnection,${URL(option.aid)}/dbConnection,src/service/Api/Setting/index.ts,32,1,src/service/Api/Setting/index.ts,
POST,/rest/quality/a/:param/api/test/setting/getItem,${URL(option.aid)}/getItem,${URL(option.aid)}/getItem,src/service/Api/Setting/index.ts,59,1,src/service/Api/Setting/index.ts,
POST,/rest/quality/a/:param/api/test/setting/getItemPage,${URL(option.aid)}/getItemPage,${URL(option.aid)}/getItemPage,src/service/Api/Setting/index.ts,69,1,src/service/Api/Setting/index.ts,
POST,/rest/quality/a/:param/api/test/setting/mockMatchRule,${URL(option.aid)}/mockMatchRule,${URL(option.aid)}/mockMatchRule,src/service/Api/Setting/index.ts,50,1,src/service/Api/Setting/index.ts,
POST,/rest/quality/a/:param/api/test/setting/parameters,${URL(option.aid)}/parameters,${URL(option.aid)}/parameters,src/service/Api/Setting/index.ts,22,1,src/service/Api/Setting/index.ts,
POST,/rest/quality/a/:param/api/test/setting/uiSetting,${URL(aid)}/uiSetting,${URL(aid)}/uiSetting,src/service/Api/Setting/index.ts,134,1,src/service/Api/Setting/index.ts,
POST,/rest/quality/a/:param/api/test/setting/variables,${URL(option.aid)}/variables,${URL(option.aid)}/variables,src/service/Api/Setting/index.ts,13,1,src/service/Api/Setting/index.ts,
POST,/rest/quality/a/:param/api/variable/reference/scenario,${scope(options.appId)}/api/variable/reference/scenario,${scope(options.appId)}/api/variable/reference/scenario,src/service/Api/TestScenario/index.ts,180,1,src/service/Api/TestScenario/index.ts,
POST,/rest/quality/a/:param/apiDefinition/apiIssue,${URL(aid)}/apiIssue,${URL(aid)}/apiIssue,src/service/Api/ApiDefinition/index.ts,217,1,src/service/Api/ApiDefinition/index.ts,
POST,/rest/quality/a/:param/apiDefinition/associatedIssue,${URL(aid)}/associatedIssue,${URL(aid)}/associatedIssue,src/service/Api/ApiDefinition/index.ts,221,1,src/service/Api/ApiDefinition/index.ts,
POST,/rest/quality/a/:param/apiDefinition/copy,${URL(aid)}/copy,${URL(aid)}/copy,src/service/Api/ApiDefinition/index.ts,161,1,src/service/Api/ApiDefinition/index.ts,
POST,/rest/quality/a/:param/apiDefinition/create,${URL(aid)}/create,${URL(aid)}/create,src/service/Api/ApiDefinition/index.ts,21,1,src/service/Api/ApiDefinition/index.ts,
POST,/rest/quality/a/:param/apiDefinition/createEdition,${URL(aid)}/createEdition,${URL(aid)}/createEdition,src/service/Api/ApiDefinition/index.ts,230,1,src/service/Api/ApiDefinition/index.ts,
POST,/rest/quality/a/:param/apiDefinition/generateRaw,${URL(aid)}/generateRaw,${URL(aid)}/generateRaw,src/service/Api/ApiDefinition/index.ts,189,1,src/service/Api/ApiDefinition/index.ts,
POST,/rest/quality/a/:param/apiDefinition/get,${URL(aid)}/get,${URL(aid)}/get,src/service/Api/ApiDefinition/index.ts,38,2,src/service/Api/ApiDefinition/index.ts src/service/Api/ApiGroup/index.ts,
POST,/rest/quality/a/:param/apiDefinition/getExecData,${URL(aid)}/getExecData,${URL(aid)}/getExecData,src/service/Api/ApiDefinition/index.ts,122,1,src/service/Api/ApiDefinition/index.ts,
POST,/rest/quality/a/:param/apiDefinition/getShareToCurrentSysApi,${URL(aid)}/getShareToCurrentSysApi,${URL(aid)}/getShareToCurrentSysApi,src/service/Api/ApiDefinition/index.ts,212,1,src/service/Api/ApiDefinition/index.ts,
POST,/rest/quality/a/:param/apiDefinition/getShareToOtherSysApi,${URL(aid)}/getShareToOtherSysApi,${URL(aid)}/getShareToOtherSysApi,src/service/Api/ApiDefinition/index.ts,200,1,src/service/Api/ApiDefinition/index.ts,
POST,/rest/quality/a/:param/apiDefinition/mock/list,${URL(aid)}/mock/list,${URL(aid)}/mock/list,src/service/Api/ApiDefinition/index.ts,66,1,src/service/Api/ApiDefinition/index.ts,
POST,/rest/quality/a/:param/apiDefinition/mock/response,/rest/quality/a/${appId.value}/apiDefinition/mock/response,rest/quality/a/${appId.value}/apiDefinition/mock/response,src/components/Api/Interface/Components/Document/useContext.ts,14,49,src/components/Api/Interface/Components/Document/Main.vue src/components/Api/Interface/Components/Document/useContext.ts src/components/Api/Interface/Components/Issue/Main.vue src/components/Api/Interface/Components/Run/CaseRunPage/Main.vue src/components/Api/Interface/Components/Run/Components/ExecuteHistory/Main.vue src/components/Api/Interface/Main.vue src/components/Api/Schema/Main.vue src/components/AutomatedTesting/TestScenario/Detail/Data/Main.vue src/components/AutomatedTesting/TestScenario/Detail/Main.vue src/components/AutomatedTesting/TestScenario/Detail/RefRelation/Main.vue src/components/AutomatedTesting/TestScenario/Detail/Report/Main.vue src/components/AutomatedTesting/TestScenario/Detail/Steps/Main.vue src/components/AutomatedTesting/TestScenarioExecute/List/Content/StepItem.vue src/components/AutomatedTesting/TimedTask/BaseInfo/Main.vue src/components/AutomatedTesting/TimedTask/History/BatchExecution.vue src/components/AutomatedTesting/VariableReference/Main.vue src/components/DataSetEditor/Main.vue src/components/DynamicValue/Main.vue src/components/FlexLayout/Wrapper/Main.vue src/components/GlobalSetting/ServiceManage/Main.vue src/components/Global/TestScenarioTree/Main.vue src/components/JsonSchemaTree/JsonSchemaNode.vue src/components/JsonSchemaTree/JsonSchemaRef.vue src/components/JsonSchemaTree/JsonSchemaTree.vue src/components/JsonSchemaTree/JsonSchemaView/JsonShcemaViewNode.vue src/components/JsonSchemaTree/JsonSchemaView/JsonShcemaViewRef.vue src/components/JsonSchemaTree/JsonSchemaView/JsonShcemaView.vue src/components/JsonSchemaTree/Widget/Setting/SettingStatus.vue src/components/PlayWright/SelectorSet/Main.vue src/components/PlayWright/SelectorTree/Collection/Main.vue src/components/PlayWright/SelectorTree/Main.vue src/components/PlayWright/SelectorTree/NodeWrapper/Main.vue src/components/PlayWright/StepDetail/Main.vue src/components/PlayWright/StepDetail/Wrapper/Event.vue src/components/PublicSetting/ImportScenario/Wrapper/Import.vue src/components/TestCaseEditor/EditorHeader/Main.vue src/components/TestCaseEditor/Main.vue src/components/TestCaseEditor/StepCollection/Main.vue src/components/TestCaseEditor/StepDetailView/Main.vue src/components/TestCaseEditor/StepNode/Header/Main.vue src/components/TestCaseEditor/StepNode/Main.vue src/components/TestCaseEditor/StepNode/Widget/HttpCaseEditor.vue src/components/TestCaseEditor/StepWrapper/Main.vue src/components/TestStep/Main.vue src/components/UploadFile/Widget/CellHandlingRules.vue src/components/Widget/AutoFill/index.ts src/view/AutomatedTesting/Wrapper/Main.vue src/view/InterfaceMenagement/Main.vue src/view/PluginManagement/Main.vue,
POST,/rest/quality/a/:param/apiDefinition/mock/save,${URL(aid)}/mock/save,${URL(aid)}/mock/save,src/service/Api/ApiDefinition/index.ts,92,1,src/service/Api/ApiDefinition/index.ts,
POST,/rest/quality/a/:param/apiDefinition/mock/script/get,${URL(aid)}/mock/script/get,${URL(aid)}/mock/script/get,src/service/Api/ApiDefinition/index.ts,151,1,src/service/Api/ApiDefinition/index.ts,
POST,/rest/quality/a/:param/apiDefinition/mock/script/save,${URL(aid)}/mock/script/save,${URL(aid)}/mock/script/save,src/service/Api/ApiDefinition/index.ts,141,1,src/service/Api/ApiDefinition/index.ts,
POST,/rest/quality/a/:param/apiDefinition/scenarios ,${URL(aid)}/scenarios ,${URL(aid)}/scenarios ,src/service/Api/ApiDefinition/index.ts,247,1,src/service/Api/ApiDefinition/index.ts,
POST,/rest/quality/a/:param/apiDefinition/search,${URL(aid)}/search,${URL(aid)}/search,src/service/Api/ApiDefinition/index.ts,12,1,src/service/Api/ApiDefinition/index.ts,
POST,/rest/quality/a/:param/apiDefinition/statisticsSystemApi,${URL(aid)}/statisticsSystemApi,${URL(aid)}/statisticsSystemApi,src/service/Api/ApiDefinition/index.ts,207,1,src/service/Api/ApiDefinition/index.ts,
POST,/rest/quality/a/:param/apiDefinition/updateEdition,${URL(aid)}/updateEdition,${URL(aid)}/updateEdition,src/service/Api/ApiDefinition/index.ts,238,1,src/service/Api/ApiDefinition/index.ts,
POST,/rest/quality/a/:param/apiGroup/addGroup,${URL(aid)}/addGroup,${URL(aid)}/addGroup,src/service/Api/ApiGroup/index.ts,51,1,src/service/Api/ApiGroup/index.ts,
POST,/rest/quality/a/:param/apiGroup/apiTree,${URL(aid)}/apiTree,${URL(aid)}/apiTree,src/service/Api/ApiGroup/index.ts,22,1,src/service/Api/ApiGroup/index.ts,
POST,/rest/quality/a/:param/apiGroup/getLocalShareConfig,${URL(aid)}/getLocalShareConfig,${URL(aid)}/getLocalShareConfig,src/service/Api/ApiGroup/index.ts,197,1,src/service/Api/ApiGroup/index.ts,
POST,/rest/quality/a/:param/apiGroup/getModel,${URL(aid)}/getModel,${URL(aid)}/getModel,src/service/Api/ApiGroup/index.ts,173,1,src/service/Api/ApiGroup/index.ts,
POST,/rest/quality/a/:param/apiGroup/getProcessors,${URL(aid)}/getProcessors,${URL(aid)}/getProcessors,src/service/Api/ApiGroup/index.ts,145,1,src/service/Api/ApiGroup/index.ts,
POST,/rest/quality/a/:param/apiGroup/importApiDefinition,${URL(aid)}/importApiDefinition,${URL(aid)}/importApiDefinition,src/service/Api/ApiGroup/index.ts,100,1,src/service/Api/ApiGroup/index.ts,
POST,/rest/quality/a/:param/apiGroup/modelTree,${URL(aid)}/modelTree,${URL(aid)}/modelTree,src/service/Api/ApiGroup/index.ts,163,1,src/service/Api/ApiGroup/index.ts,
POST,/rest/quality/a/:param/apiGroup/models,${URL(aid)}/models,${URL(aid)}/models,src/service/Api/ApiGroup/index.ts,109,1,src/service/Api/ApiGroup/index.ts,
POST,/rest/quality/a/:param/apiGroup/uniqueSetting,${URL(aid)}/uniqueSetting,${URL(aid)}/uniqueSetting,src/service/Api/ApiGroup/index.ts,222,1,src/service/Api/ApiGroup/index.ts,
POST,/rest/quality/a/:param/apiLibrary/getApiLibrary,/rest/quality/a/${appId}/apiLibrary/getApiLibrary,rest/quality/a/:appId/apiLibrary/getApiLibrary,src/service/Api/ApiGroup/index.ts,11,1,src/service/Api/ApiGroup/index.ts,
POST,/rest/quality/a/:param/testEnvironment/create,${TEST_ENVIRONMENT_URL(aid)}/create,${TEST_ENVIRONMENT_URL(aid)}/create,src/service/Api/Env/index.ts,72,1,src/service/Api/Env/index.ts,
POST,/rest/quality/a/:param/testEnvironment/edit,${TEST_ENVIRONMENT_URL(aid)}/edit,${TEST_ENVIRONMENT_URL(aid)}/edit,src/service/Api/Env/index.ts,66,1,src/service/Api/Env/index.ts,
POST,/rest/quality/a/:param/testwire/param/preview,${QUALITY_URL(aid)}/testwire/param/preview,${QUALITY_URL(aid)}/testwire/param/preview,src/service/Api/ApiDefinition/index.ts,193,1,src/service/Api/ApiDefinition/index.ts,
POST,/rest/quality/a/:param/uiStep,${uiStepScoped(appId)},${uiStepScoped(appId)},src/service/Api/PlayWright/api.ts,22,1,src/service/Api/PlayWright/api.ts,
POST,/rest/quality/a/:param/uiStep/getBySelector/:param,${uiStepScoped(appId)}/getBySelector/${selectorId},${uiStepScoped(appId)}/getBySelector/:selectorId,src/service/Api/PlayWright/api.ts,73,1,src/service/Api/PlayWright/api.ts,
PUT,,${url},${url},src/service/index.ts,43,1,src/service/index.ts,
PUT,/plugin/api/setting,/plugin/api/setting,plugin/api/setting,src/service/Api/Local/index.ts,34,1,src/service/Api/Local/index.ts,
PUT,/rest/quality/a/:param/api/case/exec,${CASE_URL(aid)}/exec,${CASE_URL(aid)}/exec,src/service/Api/ApiCase/index.ts,12,1,src/service/Api/ApiCase/index.ts,
PUT,/rest/quality/a/:param/api/case/rename,${CASE_URL(aid)}/rename,${CASE_URL(aid)}/rename,src/service/Api/ApiCase/index.ts,95,1,src/service/Api/ApiCase/index.ts,
PUT,/rest/quality/a/:param/api/case/update,${CASE_URL(aid)}/update,${CASE_URL(aid)}/update,src/service/Api/ApiCase/index.ts,59,1,src/service/Api/ApiCase/index.ts,
PUT,/rest/quality/a/:param/api/common/follow,${QUALITY_URL(aid)}/api/common/follow,${QUALITY_URL(aid)}/api/common/follow,src/service/Api/Global/index.ts,38,1,src/service/Api/Global/index.ts,
PUT,/rest/quality/a/:param/api/scenario/:param/runtimeSetting,${scope(option.appId)}/${option.scenarioId}/runtimeSetting,${scope(option.appId)}/:option.scenarioId/runtimeSetting,src/service/Api/TestScenario/runtimeSetting.ts,33,1,src/service/Api/TestScenario/runtimeSetting.ts,
PUT,/rest/quality/a/:param/api/scenario/:param/step/:param,${scope(options.appId)}/api/scenario/${options.scenarioId}/step/${options.stepId},${scope(options.appId)}/api/scenario/:options.scenarioId/step/:options.stepId,src/service/Api/TestScenario/detail.ts,82,2,src/service/Api/TestScenario/detail.ts src/service/Api/TestScenario/step.ts,
PUT,/rest/quality/a/:param/api/scenario/changeApiEdition,${QUALITY_URL(appId.value)}/api/scenario/changeApiEdition,${QUALITY_URL(appId.value)}/api/scenario/changeApiEdition,src/components/TestCaseEditor/ToogleEdition/Main.vue,107,1,src/components/TestCaseEditor/ToogleEdition/Main.vue,
PUT,/rest/quality/a/:param/api/scenario/checkExecCond,${scope(options.appId)}/api/scenario/checkExecCond,${scope(options.appId)}/api/scenario/checkExecCond,src/service/Api/TestScenario/detail.ts,65,1,src/service/Api/TestScenario/detail.ts,
PUT,/rest/quality/a/:param/api/scenario/confirmApiEdition,${QUALITY_URL(appId.value)}/api/scenario/confirmApiEdition,${QUALITY_URL(appId.value)}/api/scenario/confirmApiEdition,src/components/TestCaseEditor/ToogleEdition/Main.vue,136,1,src/components/TestCaseEditor/ToogleEdition/Main.vue,
PUT,/rest/quality/a/:param/api/scenario/group,${scope(options.appId)}/group,${scope(options.appId)}/group,src/service/Api/TestScenarioGroup/index.ts,116,1,src/service/Api/TestScenarioGroup/index.ts,
PUT,/rest/quality/a/:param/api/scenario/group/move,${scope(options.appId)}/group/move,${scope(options.appId)}/group/move,src/service/Api/TestScenarioGroup/index.ts,120,1,src/service/Api/TestScenarioGroup/index.ts,
PUT,/rest/quality/a/:param/api/scenario/group/schedule/:param/count,${scope(appId)}/api/scenario/group/schedule/${id}/count,${scope(appId)}/api/scenario/group/schedule/:id/count,src/service/Api/TimedTask/index.ts,70,1,src/service/Api/TimedTask/index.ts,
PUT,/rest/quality/a/:param/api/scenario/input,${scope(options.appId)}/api/scenario/input,${scope(options.appId)}/api/scenario/input,src/service/Api/TestScenario/index.ts,172,1,src/service/Api/TestScenario/index.ts,
PUT,/rest/quality/a/:param/api/scenario/manualSync,${scope(options.appId)}/api/scenario/manualSync,${scope(options.appId)}/api/scenario/manualSync,src/service/Api/TestScenario/detail.ts,61,1,src/service/Api/TestScenario/detail.ts,
PUT,/rest/quality/a/:param/api/scenario/move,${scope(options.appId)}/api/scenario/move,${scope(options.appId)}/api/scenario/move,src/service/Api/TestScenario/index.ts,188,1,src/service/Api/TestScenario/index.ts,
PUT,/rest/quality/a/:param/api/scenario/rename,${scope(options.appId)}/api/scenario/rename,${scope(options.appId)}/api/scenario/rename,src/service/Api/TestScenario/index.ts,164,1,src/service/Api/TestScenario/index.ts,
PUT,/rest/quality/a/:param/api/scenario/snapshot/:param,${scope(option.appId)}/snapshot/${option.snapshotId},${scope(option.appId)}/snapshot/:option.snapshotId,src/service/Api/TestScenario/snapshot.ts,34,1,src/service/Api/TestScenario/snapshot.ts,
PUT,/rest/quality/a/:param/api/scenario/update,${scope(options.appId)}/api/scenario/update,${scope(options.appId)}/api/scenario/update,src/service/Api/TestScenario/detail.ts,49,2,src/service/Api/TestScenario/detail.ts src/service/Api/TestScenario/index.ts,
PUT,/rest/quality/a/:param/api/service/:param,${QUALITY_URL(option.aid)}/api/service/${state.id},${QUALITY_URL(option.aid)}/api/service/:state.id,src/service/Api/Setting/index.ts,182,1,src/service/Api/Setting/index.ts,
PUT,/rest/quality/a/:param/api/test/data/edit,${scope(options.appId)}/edit,${scope(options.appId)}/edit,src/service/Api/TestScenarioData/index.ts,56,1,src/service/Api/TestScenarioData/index.ts,
PUT,/rest/quality/a/:param/api/test/setting/addressSetting,${URL(aid)}/addressSetting,${URL(aid)}/addressSetting,src/service/Api/Setting/index.ts,124,1,src/service/Api/Setting/index.ts,
PUT,/rest/quality/a/:param/api/test/setting/baseSetting,${URL(aid)}/baseSetting,${URL(aid)}/baseSetting,src/service/Api/Setting/index.ts,104,1,src/service/Api/Setting/index.ts,
PUT,/rest/quality/a/:param/api/test/setting/mockSetting,${URL(option.aid)}/mockSetting,${URL(option.aid)}/mockSetting,src/service/Api/Setting/index.ts,41,1,src/service/Api/Setting/index.ts,
PUT,/rest/quality/a/:param/apiDefinition/edit,${URL(aid)}/edit,${URL(aid)}/edit,src/service/Api/ApiDefinition/index.ts,29,1,src/service/Api/ApiDefinition/index.ts,
PUT,/rest/quality/a/:param/apiDefinition/getService,${URL(aid)}/getService,${URL(aid)}/getService,src/service/Api/ApiDefinition/index.ts,102,1,src/service/Api/ApiDefinition/index.ts,
PUT,/rest/quality/a/:param/apiDefinition/listResponses,${URL(aid)}/listResponses,${URL(aid)}/listResponses,src/service/Api/ApiDefinition/index.ts,131,1,src/service/Api/ApiDefinition/index.ts,
PUT,/rest/quality/a/:param/apiDefinition/mock/sort,${URL(aid)}/mock/sort,${URL(aid)}/mock/sort,src/service/Api/ApiDefinition/index.ts,74,1,src/service/Api/ApiDefinition/index.ts,
PUT,/rest/quality/a/:param/apiDefinition/move,${URL(aid)}/move,${URL(aid)}/move,src/service/Api/ApiDefinition/index.ts,171,1,src/service/Api/ApiDefinition/index.ts,
PUT,/rest/quality/a/:param/apiDefinition/rename,${URL(aid)}/rename,${URL(aid)}/rename,src/service/Api/ApiDefinition/index.ts,180,2,src/service/Api/ApiDefinition/index.ts src/service/Api/ApiGroup/index.ts,
PUT,/rest/quality/a/:param/apiGroup/createModelEdition,${URL(aid)}/createModelEdition,${URL(aid)}/createModelEdition,src/service/Api/ApiGroup/index.ts,207,1,src/service/Api/ApiGroup/index.ts,
PUT,/rest/quality/a/:param/apiGroup/editGroup,${URL(aid)}/editGroup,${URL(aid)}/editGroup,src/service/Api/ApiGroup/index.ts,139,1,src/service/Api/ApiGroup/index.ts,
PUT,/rest/quality/a/:param/apiGroup/editLocalShareConfig,${URL(aid)}/editLocalShareConfig,${URL(aid)}/editLocalShareConfig,src/service/Api/ApiGroup/index.ts,202,1,src/service/Api/ApiGroup/index.ts,
PUT,/rest/quality/a/:param/apiGroup/resetFetchCode/:param,${URL(aid)}/resetFetchCode/${id},${URL(aid)}/resetFetchCode/:id,src/service/Api/ApiGroup/index.ts,192,1,src/service/Api/ApiGroup/index.ts,
PUT,/rest/quality/a/:param/apiGroup/saveCustomPage,${URL(aid)}/saveCustomPage,${URL(aid)}/saveCustomPage,src/service/Api/ApiGroup/index.ts,71,1,src/service/Api/ApiGroup/index.ts,
PUT,/rest/quality/a/:param/apiGroup/saveObjectModel,${URL(aid)}/saveObjectModel,${URL(aid)}/saveObjectModel,src/service/Api/ApiGroup/index.ts,154,1,src/service/Api/ApiGroup/index.ts,
PUT,/rest/quality/a/:param/apiGroup/updateModelEdition,${URL(aid)}/updateModelEdition,${URL(aid)}/updateModelEdition,src/service/Api/ApiGroup/index.ts,211,1,src/service/Api/ApiGroup/index.ts,
PUT,/rest/quality/a/:param/uiStep/:param,${uiStepScoped(appId)}/${id},${uiStepScoped(appId)}/:id,src/service/Api/PlayWright/api.ts,31,1,src/service/Api/PlayWright/api.ts,
DELETE,,${url},${url},src/service/index.ts,58,1,src/service/index.ts,
DELETE,/rest/quality/a/:param/api/case/delete,${CASE_URL(aid)}/delete,${CASE_URL(aid)}/delete,src/service/Api/ApiCase/index.ts,50,1,src/service/Api/ApiCase/index.ts,
DELETE,/rest/quality/a/:param/api/scenario/delete,${scope(options.appId)}/api/scenario/delete,${scope(options.appId)}/api/scenario/delete,src/service/Api/TestScenario/index.ts,168,1,src/service/Api/TestScenario/index.ts,
DELETE,/rest/quality/a/:param/api/scenario/group,${scope(options.appId)}/group,${scope(options.appId)}/group,src/service/Api/TestScenarioGroup/index.ts,108,1,src/service/Api/TestScenarioGroup/index.ts,
DELETE,/rest/quality/a/:param/api/service/:param,${QUALITY_URL(option.aid)}/api/service/${state.id},${QUALITY_URL(option.aid)}/api/service/:state.id,src/service/Api/Setting/index.ts,173,1,src/service/Api/Setting/index.ts,
DELETE,/rest/quality/a/:param/api/test/data/delete,${scope(options.appId)}/delete,${scope(options.appId)}/delete,src/service/Api/TestScenarioData/index.ts,64,1,src/service/Api/TestScenarioData/index.ts,
DELETE,/rest/quality/a/:param/api/test/setting/removeItem,${URL(option.aid)}/removeItem,${URL(option.aid)}/removeItem,src/service/Api/Setting/index.ts,77,1,src/service/Api/Setting/index.ts,
DELETE,/rest/quality/a/:param/apiDefinition/delete,${URL(aid)}/delete,${URL(aid)}/delete,src/service/Api/ApiDefinition/index.ts,47,2,src/service/Api/ApiDefinition/index.ts src/service/Api/ApiGroup/index.ts,
DELETE,/rest/quality/a/:param/apiDefinition/deleteAllEdition,${URL(aid)}/deleteAllEdition,${URL(aid)}/deleteAllEdition,src/service/Api/ApiDefinition/index.ts,56,1,src/service/Api/ApiDefinition/index.ts,
DELETE,/rest/quality/a/:param/apiDefinition/mock/remove,${URL(aid)}/mock/remove,${URL(aid)}/mock/remove,src/service/Api/ApiDefinition/index.ts,83,1,src/service/Api/ApiDefinition/index.ts,
DELETE,/rest/quality/a/:param/apiGroup/deleteCustomPage,${URL(aid)}/deleteCustomPage,${URL(aid)}/deleteCustomPage,src/service/Api/ApiGroup/index.ts,89,1,src/service/Api/ApiGroup/index.ts,
DELETE,/rest/quality/a/:param/apiGroup/deleteObjectModel,${URL(aid)}/deleteObjectModel,${URL(aid)}/deleteObjectModel,src/service/Api/ApiGroup/index.ts,120,1,src/service/Api/ApiGroup/index.ts,
,/Read/Write,Read/Write,Read/Write,src/components/JsonSchemaTree/Widget/Setting/Context.ts,220,1,src/components/JsonSchemaTree/Widget/Setting/Context.ts,非接口: UI 文案（组件里的显示字符串）
,/api/:id,api/:id,api/:id,src/controller/Apiwire/Mounted/initializeRootMenu.ts,59,1,src/controller/Apiwire/Mounted/initializeRootMenu.ts,非接口: 前端菜单/路由动态拼接路径
,/api/:system/:group/add,api/:system/:group/add,api/:system/:group/add,src/controller/Apiwire/Mounted/initializeRootMenu.ts,66,1,src/controller/Apiwire/Mounted/initializeRootMenu.ts,非接口: 前端菜单/路由动态拼接路径
,/application/:aid,/application/:aid,application/:aid,src/controller/Apiwire/Mounted/initializeRootMenu.ts,32,1,src/controller/Apiwire/Mounted/initializeRootMenu.ts,非接口: 前端菜单/路由动态拼接路径
,/application/:param/:param,/application/${apiwire.appId}/${to.fullPath},application/:apiwire.appId/${to.fullPath},src/controller/Apiwire/AppCreated/initializeRouterBeforeEach.ts,17,1,src/controller/Apiwire/AppCreated/initializeRouterBeforeEach.ts,非接口: 前端菜单/路由动态拼接路径
,/error,/error,error,src/router/routes.ts,17,1,src/router/routes.ts,非接口: 前端路由（React/Vue-Router 路径，不是后端接口）
,/group/:system/:id,group/:system/:id,group/:system/:id,src/controller/Apiwire/Mounted/initializeRootMenu.ts,52,1,src/controller/Apiwire/Mounted/initializeRootMenu.ts,非接口: 前端菜单/路由动态拼接路径
,/login,/login,login,src/router/routes.ts,10,1,src/router/routes.ts,非接口: 前端路由（React/Vue-Router 路径，不是后端接口）
,/plugin/api/case/excute,/plugin/api/case/excute,/plugin/api/case/excute,src/service/Api/ApiCase/ApiCaseService.ts,78,1,src/service/Api/ApiCase/ApiCaseService.ts,真接口: 后端接口路径，仅索引器未从调用点推断出 method
,/plugin/api/cookie,/plugin/api/cookie,/plugin/api/cookie,src/components/PublicSetting/PublicCookies/Main.vue,53,3,src/components/PublicSetting/PublicCookies/EditCookies/Main.vue src/components/PublicSetting/PublicCookies/Main.vue,真接口: 后端接口路径，仅索引器未从调用点推断出 method
,/plugin/api/import/parse,/plugin/api/import/parse,/plugin/api/import/parse,src/components/PublicSetting/ImportData/Main.vue,151,1,src/components/PublicSetting/ImportData/Main.vue,真接口: 后端接口路径，仅索引器未从调用点推断出 method
,/plugin/api/job/refresh,/plugin/api/job/refresh,/plugin/api/job/refresh,src/components/AutomatedTesting/TimedTask/BaseInfo/useContext.ts,75,1,src/components/AutomatedTesting/TimedTask/BaseInfo/useContext.ts,真接口: 后端接口路径，仅索引器未从调用点推断出 method
,/plugin/api/log/download/id/:param,/plugin/api/log/download/id/${id},/plugin/api/log/download/id/${id},src/components/Api/Interface/Components/Run/Components/Response/Body/Main.vue,31,1,src/components/Api/Interface/Components/Run/Components/Response/Body/Main.vue,真接口: 后端接口路径，仅索引器未从调用点推断出 method
,/plugin/api/log/id/:param,/plugin/api/log/id/${id},/plugin/api/log/id/${id},src/components/AutomatedTesting/TestScenarioExecute/List/Content/useContext.ts,22,2,src/components/AutomatedTesting/TestScenarioExecute/List/Content/useContext.ts src/components/Global/TestScenarioRemoteTree/model/TestScenarioTreeLoader.ts,真接口: 后端接口路径，仅索引器未从调用点推断出 method
,/plugin/api/param/preview,/plugin/api/param/preview,/plugin/api/param/preview,src/components/DynamicValue/useContext.ts,9,2,src/components/DynamicValue/useContext.ts src/hooks/ApiHooks/utils/Automatically.ts,真接口: 后端接口路径，仅索引器未从调用点推断出 method
,/plugin/api/refresh/all,/plugin/api/refresh/all,/plugin/api/refresh/all,src/service/Api/ApiGroup/InterfaceGroupInfoService.ts,36,1,src/service/Api/ApiGroup/InterfaceGroupInfoService.ts,真接口: 后端接口路径，仅索引器未从调用点推断出 method
,/plugin/api/refresh/api,/plugin/api/refresh/api,/plugin/api/refresh/api,src/components/Api/Interface/Components/Mock/Script/Main.vue,71,3,src/components/Api/Interface/Components/Mock/Script/Main.vue src/hooks/ApiHooks/useApiMock.ts src/service/Api/ApiDefinition/InterfaceService.ts,真接口: 后端接口路径，仅索引器未从调用点推断出 method
,/plugin/api/report/search,plugin/api/report/search,plugin/api/report/search,src/components/AutomatedTesting/TimedTask/MatchScenario/ScenarioTable.vue,92,2,src/components/AutomatedTesting/TimedTask/MatchScenario/ScenarioTable.vue src/service/Api/TestScenarioReport/index.ts,真接口: 后端接口路径，仅索引器未从调用点推断出 method
,/plugin/api/scenario/batchTerminate,plugin/api/scenario/batchTerminate,plugin/api/scenario/batchTerminate,src/components/AutomatedTesting/TimedTask/History/BatchExecution.vue,114,2,src/components/AutomatedTesting/TimedTask/History/BatchExecution.vue src/components/AutomatedTesting/TimedTask/History/Main.vue,真接口: 后端接口路径，仅索引器未从调用点推断出 method
,/plugin/api/scenario/terminate,/plugin/api/scenario/terminate,/plugin/api/scenario/terminate,src/components/AutomatedTesting/TestScenarioExecute/Expose.vue,120,1,src/components/AutomatedTesting/TestScenarioExecute/Expose.vue,真接口: 后端接口路径，仅索引器未从调用点推断出 method
,/rest/account/customMenu/type/:param/save,/rest/account/customMenu/type/${type}/save,/rest/account/customMenu/type/${type}/save,src/components/TestStep/Main.vue,122,2,src/components/TestStep/Main.vue,真接口: 后端接口路径，仅索引器未从调用点推断出 method
,/rest/global/file/show/:param,/rest/global/file/show/${imgId}?isCached=true,rest/global/file/show/:imgId?isCached=true,src/components/AuditHistory/type.ts,67,1,src/components/AuditHistory/type.ts,真接口: 后端接口路径，仅索引器未从调用点推断出 method
,/rest/quality/a/:param/apiDefinition/mock/response,/rest/quality/a/${appId.value}/apiDefinition/mock/response,/rest/quality/a/${appId.value}/apiDefinition/mock/response,src/components/Api/ApiGroup/Component/ApiTable/Main.vue,64,2,src/components/Api/ApiGroup/Component/ApiTable/Main.vue src/components/Api/Aside/Application/Tree/Main.vue,真接口: 后端接口路径，仅索引器未从调用点推断出 method
,/rest/quality/a/:param/apiLibrary/getApiLibrary,/rest/quality/a/${appId}/apiLibrary/getApiLibrary,/rest/quality/a/${appId}/apiLibrary/getApiLibrary,src/hooks/ApiHooks/useApiTreeList.ts,25,1,src/hooks/ApiHooks/useApiTreeList.ts,真接口: 后端接口路径，仅索引器未从调用点推断出 method
,/run/:apiId/:caseId,run/:apiId/:caseId,run/:apiId/:caseId,src/controller/Apiwire/Mounted/initializeRootMenu.ts,73,1,src/controller/Apiwire/Mounted/initializeRootMenu.ts,非接口: 前端菜单/路由动态拼接路径
,/scenario/:id,scenario/:id,scenario/:id,src/controller/Apiwire/Mounted/initializeRootMenu.ts,97,1,src/controller/Apiwire/Mounted/initializeRootMenu.ts,非接口: 前端菜单/路由动态拼接路径
,/schema/:systemCode/:id,schema/:systemCode/:id?,schema/:systemCode/:id?,src/controller/Apiwire/Mounted/initializeRootMenu.ts,80,1,src/controller/Apiwire/Mounted/initializeRootMenu.ts,非接口: 前端菜单/路由动态拼接路径
,/selector/:id,selector/:id,selector/:id,src/controller/Apiwire/Mounted/initializeRootMenu.ts,111,1,src/controller/Apiwire/Mounted/initializeRootMenu.ts,非接口: 前端菜单/路由动态拼接路径
,/set/:tab,set/:tab?,set/:tab?,src/controller/Apiwire/Mounted/initializeRootMenu.ts,128,1,src/controller/Apiwire/Mounted/initializeRootMenu.ts,非接口: 前端菜单/路由动态拼接路径
,/src,/src/,src,vite.config.ts,51,1,vite.config.ts,非接口: vite 构建产物路径（dev server / 输出路径配置）
,/src/index.ts,src/index.ts,src/index.ts,vite.config.ts,81,1,vite.config.ts,非接口: vite 构建产物路径（dev server / 输出路径配置）
,/static/css/main.css,static/css/main.css,static/css/main.css,vite.config.ts,76,1,vite.config.ts,非接口: vite 构建产物路径（dev server / 输出路径配置）
,/static/js/main.js,static/js/main.js,static/js/main.js,vite.config.ts,75,1,vite.config.ts,非接口: vite 构建产物路径（dev server / 输出路径配置）
,/task/:id,task/:id,task/:id,src/controller/Apiwire/Mounted/initializeRootMenu.ts,104,1,src/controller/Apiwire/Mounted/initializeRootMenu.ts,非接口: 前端菜单/路由动态拼接路径
,/task/add,task/add,task/add,src/controller/Apiwire/Mounted/initializeRootMenu.ts,118,1,src/controller/Apiwire/Mounted/initializeRootMenu.ts,非接口: 前端菜单/路由动态拼接路径
,/test,/test,test,src/router/routes.ts,23,1,src/router/routes.ts,非接口: 前端路由（React/Vue-Router 路径，不是后端接口）
,http://localhost:10086,http://localhost:10086,http:/localhost:10086,src/components/PublicSetting/AddressSetting/useContext.ts,13,1,src/components/PublicSetting/AddressSetting/useContext.ts,非接口: 外部资源/CDN 地址，不是本项目接口
,https://cdn.staticfile.org/monaco-editor/0.38.0/min/vs/loader.min.js,https://cdn.staticfile.org/monaco-editor/0.38.0/min/vs/loader.min.js,/monaco-editor/0.38.0/min/vs/loader.min.js,src/utils/Source.ts,27,1,src/utils/Source.ts,非接口: 外部资源/CDN 地址，不是本项目接口
,https://coop.logwirecloud.com/testwire/static/pw/api.json,https://coop.logwirecloud.com/testwire/static/pw/api.json,testwire/static/pw/api.json,src/service/Api/PlayWright/ApiService.ts,17,1,src/service/Api/PlayWright/ApiService.ts,非接口: 外部资源/CDN 地址，不是本项目接口
